-5.637214241458929,0.189478693470854
5.310873606836027,3.299673476206561
-5.322986912705021,3.5556825877200318
-4.703995222804332,8.825529505371112
2.701775696902588,-3.316988516436377
9.279175395549554,-5.40076645588452
8.996339334801252,-5.178623968201868
-6.165215504711219,-5.628503854603141
9.021467217805109,-4.8678525701177495
5.562107163699764,-5.774244609923734
-6.354179715406569,-5.719153364624374
-5.304718102957231,7.133276102315154
-7.5680663462853035,1.3309370996635772
-2.9724772749080555,2.047840896055527
-7.030812333998316,3.453214375267672
-0.764763684665764,4.051443011056792
8.689126823965369,2.0854923264299714
-6.0499989219127865,-6.167204217645413
9.235501420166921,-5.212733315791778
9.160846120393874,6.394525778991207
8.833821542205063,1.9482106518271907
9.236495957433366,-4.471183379314041
-3.0047466624112684,-6.085740269079936
9.080957755012895,-5.224626488653017
-3.7114294569151576,-0.7486378516491636
5.1546445430808765,2.5837436656813777
-5.06236603693777,5.438209241653781
3.329519175342742,1.5279723095534918
-5.955085235470333,6.249934574436092
9.421565665272434,-5.254568945507134
-6.354385064764247,-3.955690079400589
2.5038530228686477,5.611811991997642
-3.014340818638511,-6.120492093063212
9.229118913984818,-5.374466403425032
-6.544579292052082,-5.410926122655281
-6.046748413085238,1.296353385439376
9.191835786459585,-5.515134542149491
-1.3876242708017161,1.240106422687345
-1.2467249605595783,2.771673801410446
-5.137668997751755,-6.614059869160774
5.217025577488885,2.731846534669426
-5.453471910729255,-6.075562481945371
-6.498600419385134,-5.539460846079556
-0.9901287371787165,-6.224517047348279
-1.7052184484458972,-6.318337480835349
2.2416353846066017,4.399437231109042
-8.641069820731689,3.873283734689752
-4.356047949939082,-5.55833513520695
-4.239929269448382,-5.422595865851707
8.310731678246102,7.875228325917413
-3.1919566994752144,-4.752304375706693
8.812295863292043,2.1547531538054145
8.907759475377821,7.791765534733667
1.6028504214191146,-5.810833701894952
5.73008260178957,4.595068263481073
-0.8283048525160608,-6.47725868821644
-4.418773272627309,7.191237813963626
1.2430167848554254,-4.4357309658144155
8.939005181982592,-3.8106108517545025
-6.621031220422648,4.884103167231385
8.909342446293659,2.315398982627382
8.589676808203645,4.052284923178067
8.701411519481768,2.9590980458939153
-6.145067974101133,2.6829915567913694
-7.307724630991956,2.534090646962726
-4.188674746039868,-6.43753025684479
-2.334447034579941,6.841182913932178
-3.8757825344216226,-5.388899732585881
-6.412862998365788,-5.704083771883451
-4.421898994013594,-4.920710145769073
8.992259776234693,5.01062500688814
-4.700700338456894,-4.820070309033
-0.651219832824492,4.149237583366574
2.0089916002579047,3.2002410113696693
-6.523766862339554,7.422320495518504
-4.28645959250184,-5.794131159247297
0.7113140286192363,1.3523967663656886
4.149571097108301,-5.880775658280751
1.3520664649488623,-6.170497530988407
0.9358428636574915,-6.2234004406043555
8.583406121512427,-0.025816482934084582
1.6035348544148593,9.049775595635627
8.038131236575522,9.749231950701265
-0.5843865969904212,-6.160647205007496
7.2337111028014505,5.947038857054611
9.169792333122283,4.912337429903513
-4.03416806114908,1.0829940309607784
-7.8647740717580765,3.732718102761825
-1.1091168434672534,5.606085512569676
-6.106924709073737,4.42344198494747
3.187498265631246,-4.703677481817497
9.30994316765163,-5.345894805686049
-4.9338539471408565,0.6305787537538036
-0.5777832961704422,3.3682241970184537
2.586545478279829,0.6537772871416092
-3.039974259686154,-6.156104239909348
-4.5830109493593625,2.7429304406832165
-1.3849399182475635,-5.859079003807258
-7.86782981075245,4.343535277313949
-2.9151411736230295,-5.952816061170431
2.0423218130120127,3.125527873075437
-5.278185562921528,-6.96752178448091
9.2952206969203,-3.2960596762389995
-6.549719718501505,-5.079670215933747
9.375882453150126,4.9366146404842794
8.612749818557129,4.870455586359975
-9.130303134102851,5.717757397780943
-3.829310822593583,-6.079277338537847
8.691036931310064,2.3003412332631514
-6.633407644960751,7.211181676291437
-1.8481543684083228,-4.331640605033017
1.6286692687946773,2.0515455457375764
9.3903283551657,-5.172823378081357
7.9729086311791795,4.244390416683761
8.020785024238684,9.299128668359957
4.943951359369568,-5.062128560695117
-0.8202928233794302,5.790756344320298
9.312510260881828,-5.297045447400354
-1.4290788966945749,-6.938042621012613
-3.933802546821929,1.4788839647158507
-5.299573477479074,-4.538420297011721
-5.199662530583901,7.463222968225679
-7.057200683136715,1.6804657987067109
-0.22731379609688335,-5.179282876784447
-4.2444605477194886,7.204404912983897
2.5914757667303503,-4.849094313220477
8.730626241724465,5.390183772239834
-1.8621050803852792,-5.250955895708805
-5.646854173002191,4.160440049100412
-5.214159774572683,2.9016869806609713
3.162923513830278,-4.798785881933629
-7.734209025867337,0.789724434743426
9.301104567305355,-4.647039682460869
-1.5235390276142617,-6.905328897241981
-4.62009941477853,2.2045266377785966
-6.867975783567036,-4.813486871990297
9.07602345570212,2.677004235577159
9.281192805018396,-5.0125467939968384
2.67286373224908,7.612822385676089
-6.323312233124289,4.109971936995166
8.576116061718006,7.455937752011387
-4.538862699217663,7.538158046346483
-6.617093359896624,4.826567472903631
4.576021987946926,-6.95871213176219
2.387743821672841,3.3169204084248753
9.330653563837535,-5.217425086076169
0.9601968003492877,-0.2444434411503421
-1.5249620230595327,-5.309031297250885
-6.004525082044042,-6.328136509685235
-4.52832967664467,5.080632905715275
9.343292534828205,-5.128094820373088
-5.206472876445705,5.893301302311795
7.447132537428174,7.544559243580715
8.9703198510506,8.002502273201005
-0.7510083451294159,-6.302080822298601
9.202538876449594,-5.231882061305291
-6.5217856369798595,-0.24433545890049727
-6.277031621763097,-4.698076976721371
-0.6948715639529625,2.881993630384693
-1.4574010809490545,-1.5056000158215446
-5.606027616509621,6.977181102684922
-5.493898071642412,7.979373491306884
-4.589691954081552,7.5252042287527505
2.862559703996738,2.6755622964857606
-4.628573211334355,0.381920658365054
-0.8273447853465286,-5.974553962414919
-1.5388558924667528,0.8246949858631675
2.7889351472940715,-3.5946186367611146
-1.984680213573388,-3.2536868612093492
-4.867799561315396,6.367853782609205
0.8471253748066181,-6.518805232951434
-2.8185068359728205,-5.794162093898651
-6.9383389262137944,-4.8267151670942035
4.725079723650834,3.0842107400560885
-4.274450326369504,-5.750336452726238
9.104730514171152,-5.329846613014586
-6.038209202425671,-6.053531786043694
-1.6801953309660964,-7.274723224000706
9.16569364496828,-5.039045197793621
2.891482920741932,-5.231696773854088
8.944090955720531,3.199390585367414
8.47034359176156,5.253305607597887
-6.05155595847964,-5.844936173839877
9.409876797052538,-4.982356084954729
-2.9535200472615597,3.9034249230836924
1.3646256151328788,-5.720206904531478
8.691683098576759,-3.5378958757898262
-6.597800038737395,-5.430861176409818
5.0660053591359,4.011481417774863
-5.469213721942012,-6.724015777817904
3.037874058792163,-4.7568148892109035
-5.021459492677743,4.453870475364385
-5.378225512234893,-5.73922436465526
-6.836330962045126,2.0063827529389497
2.4527400239907307,5.793426714533528
-7.383585157499414,4.305595976182533
9.119158813233476,5.652911968387582
-7.354853987393003,8.91363898210384
9.416670147853397,-5.027101358789299
9.282646952684816,-5.234923733883516
-1.9100932152265024,-6.916403373519722
5.2290745238577525,-6.754201605971768
-6.747346349717517,4.389354952252553
9.440800552568751,-5.008702700118431
5.1399025364133575,-6.787720522045303
-4.850041108302254,2.2254265890404366
-1.5902398372174646,-7.2206371749149705
-5.25137140809988,3.2695554766667283
-3.942537129798626,-6.3104768759193295
-4.3448135263781404,-5.464367266064545
4.683646239822179,1.7897524793193842
-5.218949448908173,3.3033606281676806
-3.515692447230359,-6.3839551713382825
-0.036651263850632665,6.528146810858674
2.3222281442759507,-6.732686700956825
-6.96467907091313,4.655063676184676
9.014825852271734,-5.5588212478599655
-4.684189389497869,4.6799652610036935
9.339806915279349,-5.0112840867813615
5.0886214704686346,-5.005596923364187
-7.416996959528461,-6.616080158640059
-4.349653149532411,-5.967390349402315
-4.185403804859497,-6.699812220877911
-6.483216764002466,-5.5455922629338446
9.10608001638481,5.293289862116239
-2.665570650819404,-6.844022633381099
-3.7885627673328446,0.5509788384939142
2.086015262918514,-6.666054591778242
-7.00812491995191,5.814349730360961
-6.4190249029805875,-3.925640011612805
9.126814753957463,-5.508354258494454
-3.086251321186603,-5.724132810844269
-3.6703076623694395,3.806523354313196
-0.6813396683165709,-6.227873421808191
-1.4644241150614041,-6.07759390989902
2.594921538447392,3.01214709320324
-4.106104156539499,-6.646027493744041
-4.4384449100640255,7.4674285669251335
9.182951524547473,-5.207317020662327
1.6320508385143475,-5.71307926635192
9.013186111884567,5.120546182847803
-3.9812482017327206,-1.170051621039264
-5.940370790928367,-6.161007547405637
1.365475529921693,-5.6660720330808285
-4.457415837816002,6.731584039036137
-3.8590914933080374,7.595708269071624
0.27173112174246944,-6.520951962379401
9.414288772238178,-5.232874660008325
9.072683018014704,5.080155821465995
-5.783492748455948,-1.88385219449483
-4.818548322048502,2.3030928684509377
8.89196837277203,0.9710265958470295
-7.959606661989114,3.1148625591387287
0.5669053999096799,-3.1883482043117763
8.684184764742062,7.420922236573482
-4.692717805451259,-6.121959817192758
8.943111961221689,5.188454788893803
-8.144373386119666,6.592026211971502
-4.093484831348371,-6.795009674725334
-7.375338977524342,-7.211152830991589
-1.2628053912794959,4.465269339893857
8.89154598273366,8.208818556914297
-7.534190535772482,4.1483318057785326
9.428755948298083,-4.952706541869836
-5.4638138000139,-6.346431035629668
-1.0751546204980602,3.1810037967132168
-1.267362500250395,2.2104555249302855
-7.229397341117022,4.280035999906123
8.642540849591342,2.60601654487539
2.5954182621678457,5.471815402761032
8.815775041765933,1.5878432033866228
-6.269438097782026,-4.29142789085498
9.018134662274713,7.76519516968573
-1.4225279203520362,-4.545097826242572
-4.556827943509067,-2.089242174208362
6.0547057675703835,1.4545372351509829
6.21516693946815,0.9166742239758284
-4.49840483795439,4.806530510178315
2.4240418621615314,5.58297919309227
1.1017593320260446,-3.0032718488910732
-3.259341190124812,1.2466319473418472
2.139472033059343,7.302339065729881
2.55923695124176,7.9603317996932255
-4.057524527478174,4.500696191107277
2.906995089095669,-5.477180475058069
-4.060806404956773,5.903543512899832
2.8720231733975083,-6.013322481768639
-1.3597118914933077,7.262066370929805
-3.1738762346687754,-5.966301603083214
-7.746762693231665,7.5646044539467585
-4.70887974665306,3.292780560169118
8.764167983814923,-5.498632769414389
-1.5053360747436992,-6.162953523730778
-4.102265210029774,-6.69012302876664
3.9755292736718233,0.5649767623076055
-6.17279775405392,-0.2896506680783582
-0.06317085769932695,5.279082807681417
-4.572829306434053,5.53785159533591
-4.056121959112168,4.18786988078235
-0.34670082589984796,-5.327725660087355
-4.885213883156259,2.362819479933431
-4.934061950178599,4.266355194879784
-3.371236552061713,3.8191158405098937
-7.659914179417286,1.228537806469196
-5.049280183208309,2.8264584494762044
-5.88026367576143,0.9173569919969226
-5.102723141441142,2.659125292809286
-7.5418587065566705,1.7809523336011204
-5.1733698498722696,1.0503579099374791
0.7437830297077435,3.923391872875231
-2.3772804863693344,-5.940395426554693
-8.926101977367296,4.255085021584053
9.022348912513673,-3.2950761517587717
-5.932584011931828,-6.277089003650391
-5.38475138923522,1.7656853455710504
-7.633157221286402,9.359068007784368
-3.674920136185718,-6.261259993103835
9.397386298646309,-5.199702614460984
4.269572623078957,-6.331417989203218
8.941489781344991,-4.829008119088763
-5.53390469041573,7.666570651863028
5.41579686562841,5.4924908253473115
8.565258212762702,3.7484934132985646
0.934751235850955,-5.293704860558891
-6.538433349195184,-5.465648053943247
-5.722226986341607,-0.24346466437416425
-1.5678349308441029,-7.068255136477805
-2.5669510884045352,6.138718600510804
3.334057580928015,4.617308136041938
-1.208420347783976,-5.801902648454646
-7.130056121872061,-4.399216344343595
3.0609996042733525,-7.0018459651057725
-3.8365274243947165,-5.986708014442515
-1.821110083610134,-6.353754619562636
-4.700791790362173,2.1370665265336553
-8.484646556661605,-0.3792054765234139
9.068545872791196,-4.899116103820351
-5.810642045301415,-6.545947536295041
8.9868873287587,2.3662088352310033
8.909244487893758,-5.063560633462391
9.079761183142733,5.567004942862102
9.154079608447624,7.0150195061535765
8.056783695631456,9.369902517850985
0.17422817687456524,-6.447573742533449
9.182694786981141,7.932293746353744
2.5430455916300687,5.4426452707054045
-4.089114969130114,-5.0567926031136485
-1.303819017760396,8.72015194606077
9.234405923889215,-5.025176443547613
3.724383823941752,-2.1495324524577737
9.278995312432727,4.771054983283386
-3.303199975805613,-5.595167311263206
8.912022421858914,3.0088872924254266
-6.764482079608167,-4.896530629387502
-1.8067640669597829,-5.900776402790632
1.9104001793772358,3.947318888245219
8.624892494854109,5.028289246008418
-5.421544936391603,-5.661411695187342
-4.672884499282006,0.6232394001917831
-5.24118196646046,4.609603519759237
-4.231828237808046,-5.619618923711599
1.979522867094292,4.4225634669449105
9.24785750735649,-5.23032504483536
-7.799332211694544,1.6531861606644136
-4.58769533764143,-0.3669984236553664
0.48382638582586457,1.5130620969590416
-3.742239925072751,-5.401246986472192
-4.3887379457063,6.592430291776383
-6.612662846008062,-5.183088183679467
1.7811639356052456,3.5609430071869452
-5.020720202985253,4.824131613229109
0.9679932994042972,-5.683006171438015
-6.398906478944073,3.788299348226029
-7.868482621126978,4.193783234577231
-6.541965223623451,2.852013293837606
-6.977307738407143,1.9027845859841057
-7.785586922748132,-1.6375410375101764
1.4410853018478451,4.718141374711567
0.1516833836852989,-6.265039285235987
-6.0523515898413915,-5.799328746777457
-4.903054532009984,2.432878695739991
-7.518903803753267,2.201604925917198
-4.178117632999687,-4.777911249710869
-2.693776272879834,6.652379985759046
-1.9993796155565842,-5.403081218562636
-6.6363279494903615,1.1035479922899483
9.012096685716708,4.091198792688926
9.41284955277258,-4.761874212556283
0.33132420449260463,4.621847332191986
8.728528509164581,-5.330671861382061
2.342955024459607,-4.184637047313708
-4.849594823275769,2.255843730552515
-8.35999027221408,-0.1468799469251735
-4.791941871917608,3.802662236292575
-7.798538842239286,4.038240115899175
-1.1438866614902563,-6.377350870572153
-3.9912764185244467,2.0212774601938377
9.18729470247106,-5.5567145664778455
-6.038494359709854,2.6175927792929876
9.222915212674366,-5.399041683703864
-1.6937965403299389,4.26777824557856
-7.059567774888507,3.607963581007588
-4.275049020472797,5.209848563983524
8.848525387379862,0.635477057562294
9.103260134223055,7.679748543324956
9.220044872749495,-5.338514282979056
-4.487825201411226,0.956354352094854
-4.814250638759634,7.680307428494059
-2.329037220632545,-3.061029089559288
5.068940564309041,-5.05212417970677
-6.421521571381381,1.8306581681825733
9.322454815203985,-3.5306096345460767
4.0224027082449485,-6.485278661038769
9.334391061178943,-5.202659905840224
-0.5783985001931458,2.833028855515194
2.83534441453945,4.625513056024066
4.6943824660789994,2.0886603163765334
-7.688739237379269,-0.17102020082845254
5.185030891236167,-6.744821080406638
-7.521184315180339,-7.413407421113052
8.90726392439302,3.2958476097681872
-4.991771719113805,-6.402220392992806
8.357743905761529,3.8672580137204653
-4.096478404447248,-6.885514588134341
0.7693503612611114,-0.26158616144749064
9.178264734211522,-4.952402133707517
-0.399844348912178,-5.173318139314713
2.4742351631805026,6.629450527323248
8.110251269076286,9.780694649317628
-5.351647274916275,4.035562225522992
-0.8082854404511478,-4.185434649572546
2.730866953245291,-6.620283687679974
6.788079290481738,-6.891837716668084
-4.416487411252448,5.369606176421398
-5.551993650371116,-0.1797932737061828
8.783701581540726,5.384601660254605
9.149439716301824,7.948290229364769
-6.303891587917301,-6.554373302938858
-4.188503334793587,-5.448914071604387
9.177198347509947,-5.412177714121423
2.2051645585771835,0.38130684145893395
-5.504113185026856,-0.0444567675676251
7.986052098133088,3.118956064027553
0.06321762169510324,8.097841491680274
-8.415191955730801,0.2478332560490726
2.79382634328125,7.660243780521661
-4.980806300363474,7.7568987583865106
1.5826745273002676,3.9851619534658154
-4.215675290829397,-5.554667930736333
-1.7614767449085338,-4.731394604872892
-7.530845903251003,9.368250712502476
-3.8938959678207534,3.912550891405176
-1.9828341298070693,7.694420697998612
-4.685677759343394,-0.922379584872666
-1.6211244412737573,-5.6309235218603755
-7.821688782724502,3.8739175943754565
1.5123244209625406,-7.346852986471109
-0.7733435178700813,-6.048438929492271
-8.406709358859768,6.912898234124175
8.53873691013016,4.098330879759989
-3.3829842684953477,-2.012512896763197
8.8283794873372,0.6852430771503387
6.057805632675354,-5.41549446096508
1.3549218366685158,7.040868058296464
-4.219467118035621,1.6533698881515613
8.917110100833032,1.0034383330926047
-5.358505754048294,5.059288863954049
2.4868638283853786,-5.8991756841238105
0.45405560425752045,-6.052875033219453
-3.7835683644156517,9.16658086263872
-4.016095152690255,3.1197410334175046
8.159888098125544,4.694177899888496
7.323704583000346,-0.39625967496965575
-6.2579177276774764,6.369834421383964
9.110502784838646,-5.165474232349891
8.849695763491997,0.7774493697985791
-5.734314979454411,-6.16805846274233
-7.185193483478025,-1.94692965510027
8.832659505030469,4.924966180750558
-5.334120763641788,3.6510099621892893
0.9586507443624503,-1.4407973964528697
-6.773144061928343,6.958948408724491
-3.9170204721806945,-4.5225495926712265
-0.713999276749997,5.032472918813784
-4.297081027323334,5.775754280254507
-5.587459088357515,-6.2600766666118135
-1.4955395100636382,-6.87752379688189
8.079926115969773,11.12484130857498
-4.258462644454222,7.007095267040817
-2.0795098162979517,-1.966125733410512
-2.9711232507108822,-5.713492821207171
-8.001484073323851,4.070366518568406
-6.988173125246781,-5.953712576653519
-5.503172267311608,7.053496490615874
8.874079844214235,6.306681910702684
-7.4020987569777175,-7.361255415486837
5.091195584610319,4.005650716862747
1.3616547525694425,-4.060909273851681
-4.77940745728012,-5.2144941670457134
-7.599007838184097,2.1192336321400647
2.50815167713555,5.54940720477563
2.019642362152808,10.006478087798873
-0.6804270935141177,3.5694948184596527
5.767755805216971,4.358187931618306
-5.418267402242257,5.981839951084218
-6.638781284445831,3.084897980276728
-2.848459001521044,-6.234751790652472
-5.758360740035653,-6.3449167815849465
-4.170885827788918,0.0787490635154123
5.262128543551197,3.670129499361746
2.4106145929348273,2.752730768025514
-5.487982544553826,-6.0804350061116095
-5.482553447300144,-0.5982455736188754
-5.046221545972179,6.100258773747075
-7.601553125934281,1.0161383495490797
-6.217421258566089,5.881441028844016
2.422681597999202,2.0416343555919183
-0.8700864444111234,-4.197722257672893
-4.394204060947138,7.693657191987619
8.830453669119107,-5.484764673550629
0.4262069112867026,0.44823475633763865
-3.2827886015905934,-0.48619421091130127
9.304459957139379,-4.69768975693764
-5.004278235513391,3.467772503865639
-5.08064078184066,-1.6278127930330892
-6.680318328082478,3.77534886701002
-4.553406465228888,1.7112694031521007
-4.665783430511454,0.6889894891797721
-5.4403466270706895,2.1332452803257693
9.35108053197607,-3.4625123070696233
7.752908483294005,10.378992886491753
4.016083236689718,0.39009631867969036
-7.78263242014825,0.6242923881590393
8.695650481896028,-0.5522076524168
5.2795681104200485,2.935195530984901
3.058823977839001,-5.869847584310979
-4.559955733637216,0.9259303762005959
-7.576318599624342,-0.16440326904296668
-5.479417887729773,3.6350065712989332
-6.503479460904651,4.58768551117071
9.278265046804055,-5.363295991806045
9.142203275887729,-3.5216513059994243
8.270280629084102,7.806876054535311
-4.274895714924416,-1.5061086502989824
8.98965154102621,0.45778278252413934
-7.85565919182503,4.923486826466975
-6.413457392818625,6.769159426952499
1.0783691158846076,-5.297986198255522
-3.18502595010412,6.389645457340997
1.714281129917161,7.142899937156415
-8.109707007219042,6.374298406883043
-3.832629151467196,-5.734739199277209
-4.130847352988845,6.991946038375193
6.566624431595816,-0.9364280935785486
-0.9396238687062372,-6.146315340301577
1.555606935054526,7.685645996370293
-7.655776305105927,8.07217651897404
2.751974823094195,-4.446020964505476
-5.566372328247742,-6.433734870018325
-3.896940453024933,-7.011719432288588
9.187577669329393,-3.6163153765612277
9.276544174891276,-3.4944178944582167
-2.8548924260054984,-6.442075052206209
0.7643401892664208,0.2794782075963291
-5.37005803217187,3.26776565157905
-5.605391959867778,5.048188519760208
2.4948483830019623,0.5103088003567263
8.453735950978173,5.05456212260357
-6.289490906323717,8.411757708182343
-1.6350243984904995,-6.650739387209075
8.97361040281678,0.9358354952430378
9.135092709093758,5.753481349792707
9.026813082430737,-3.6633180838784334
8.871354542988465,-0.7231619479503827
6.2550594950211424,0.5461749254155541
9.101467225528085,-5.311619248544985
-4.129359743299508,-7.00676053043226
4.839065250389606,-4.988110079719574
-4.782919868820038,2.320827757937732
-5.55111386940443,-1.1561050489071527
-2.8585912223387178,3.841994153620293
-2.239137971190258,-6.165484594651155
-3.0027816447147857,-4.418206291925877
-0.8316632294570017,-0.3185529500586095
-5.702717880238003,1.0445532346889306
-7.792264218979836,9.320225219273418
-5.354360920270057,-1.4504711968327544
-0.9540198748299968,2.5167688949837905
-4.853401076122877,3.453857606619054
4.762092671492012,1.9376419591599434
4.0844110263431,0.6194739543952563
9.08035881067364,5.6992671305597735
8.534194526023526,5.323986926281736
-6.608202103060918,-4.647480582211351
-7.656622067218245,0.9701763281773049
-6.53086440182613,-5.772848606206002
-7.331094273157566,5.161291476530096
5.688168952294981,3.684475110483584
-5.892113194003857,2.1563598358174803
-4.830304167564927,-0.36117268214730186
8.207489569872768,5.366695886326938
-4.696677880955809,1.8999020732924377
-4.162599118766855,-5.1363459701548955
8.956900395840995,-0.3337935947958655
-8.086688492792826,4.392390729479028
-1.4051077711411513,-7.371097959471632
0.4367516998643563,2.5091169112649485
8.50960560833988,5.44289018498001
-4.990984500378573,9.546779587122183
1.255283345191074,-0.9687219817861952
9.134469340357056,7.871158298968093
5.303449705140032,1.4103354130725199
-5.255718523347237,-0.37622677700866547
2.6347251988805196,7.715973680652906
9.040506843006344,5.698097464206047
-7.166291839627914,4.35521550491851
-3.893012351103958,-3.7450766873163603
-2.518893104474589,0.7072523804593859
9.106168827558218,0.7096004123352216
-3.052668438908816,2.382858394699323
-7.637526292886789,0.9955862621220501
-1.3877765726226015,3.5617542574724324
5.170953248516506,-5.202067633678888
-2.795790975297077,-6.240122422213236
3.743661736508161,-5.889480045781138
-1.1647753233241616,3.8201293463951562
-2.759477343624688,-4.302838301199848
-5.825589057443226,0.04483145455096847
-4.192743340915909,-6.785418607368437
-4.421790106718168,-2.6844480961533734
-6.040094680239377,-6.180925859319968
8.764153178919237,-5.256566175649471
0.028068978564649204,3.258225510101122
-3.8857783303573195,-5.766431180753039
1.7592766106645195,-7.060739720608863
-8.056201949891268,-1.0512720209292536
1.371842324440449,-1.765902055999699
9.257510063549836,-5.3071172315986495
-7.02166097331729,-6.272140992138098
-4.3361672331580134,0.02019255798118419
0.09312917094416087,6.254484070914481
0.47906200851797154,6.880779223505268
-0.17017217316937297,-1.2546185377705448
-1.6040833442645657,-6.686774937669016
-3.649792332881026,-6.192053761271289
-5.127119724547619,7.111377791184716
-2.3957407727918616,-6.627930523374551
-1.4396456951179852,4.074158843522073
-0.9849082365864441,1.1460941038494588
0.454045746094797,4.786942228160539
9.154875959177257,-5.639679942123403
9.312198053700305,-3.394068911569373
8.497595119788473,6.895591096101826
-1.411666892701119,-4.39486016136666
0.7957810971376069,-6.606605638500758
-3.662032044650281,4.748154343561306
0.883350432668766,5.761817503595509
1.9099557408708623,-4.597942948483191
9.266103771928018,-5.309513625417971
9.156862016358533,0.3991190880141994
-3.943314755721678,4.701223786428195
-3.7633824588757188,-5.612378339392414
-4.109452831964072,-6.744044173771256
8.886892509510794,0.5455930841074303
-3.3370317231874864,5.483013202378776
-5.0550977300633475,0.4913356750047229
8.372608017712558,5.048628784211981
8.571244193196634,-3.347029681431496
-7.64036485802498,-1.9810817122753441
-1.235728424951419,2.4955787193273604
-5.808422595615783,-4.369978290669051
-1.5515746503544308,-7.211057326274727
-8.112268270799808,-0.5535868254744214
1.1826431960413364,2.2968027182857265
9.056177961341252,-5.497905152112405
-2.1083228307100383,8.32917317150813
9.15160706704758,-4.648443984601475
-0.834592558983218,-3.7608858092111914
-4.284749836021981,6.1425386796323345
-4.4413831806846344,7.291210188212631
-2.501059410915793,-2.44920833335619
-2.8498851335024895,-6.73455252261508
-3.066862723837662,-5.311400128506969
-4.948635519318348,2.2891392717617496
-7.754325909479693,-0.765612057809724
8.986678939648078,-3.3369947547464096
9.228852361150262,6.352392628839931
-4.0999181559070825,-0.9586814087311635
8.526538919749731,3.699185680911473
-5.667739319532311,-0.6754127230990568
8.887331253161918,1.147753888891158
-1.756408140088862,-6.2600876289022755
5.142768426819811,-5.358154057083485
-1.6424420479200905,-4.186218884889239
-4.8222197221514485,1.4464727428926096
-1.8946819828013652,-5.018392258911937
9.413823861782593,-4.989496032033822
6.828300341192985,-6.752797079986716
-4.175022440794654,3.5494839865357837
-5.6032945632453455,-5.627628110168039
-1.1092903939689036,7.291471802349261
8.820843497194938,3.1049426038956547
-5.738941290406026,0.2719624220969868
-4.318690087178857,8.829877893083871
-8.405114228544186,0.14020920444107524
8.254820199173807,5.1587635355513495
-1.0266436166265869,-0.22396728678986705
-1.905720547695688,-2.408619958454918
3.2208533591332964,1.1569734645305683
6.287284532684912,4.21052756729906
-4.740370862672223,4.42831382875617
-0.2938829841077274,-1.251732616547974
4.656627167356128,-0.30283859690640663
8.594331030857305,4.627092776571629
-6.489308749644008,6.077715270036724
9.001166923973836,-5.431652323073061
8.785627594744604,1.743434358493441
-5.571295033114354,9.033113477656874
-5.96808753740387,1.125530483398443
-4.374762980981901,2.174718615446965
-3.9860892457953576,-6.01555370478002
-3.228498162251611,3.8050589638385492
-0.8372570741351303,-4.665576792063834
-6.1906684291826055,-7.3424934686253405
-4.295044522452883,-1.5379079251089474
9.331949901859378,-3.2752140065374573
-1.7507373254717422,-5.421699942388538
9.143087633962182,-5.350953042564293
9.003321326503816,5.1332968936923375
-1.5823167799052582,-7.158159106177311
-1.2253829728370522,7.381117018340864
7.790591652578333,1.3359569933753765
-4.848408351711254,2.392769066021922
8.997274109903115,4.2447080247606355
8.69916571373073,1.871250160755104
8.596547426444163,8.13057785352161
-5.256542368672521,-6.200029754204747
-4.812959661213013,3.709390651897994
-3.4893257626632415,0.1805986213097899
-6.225973731734082,2.2559783237602886
-6.3722661795596,-6.240106223830777
9.301147815622338,-5.352540832822157
-2.749324154607447,-6.084340695392146
8.904604411097626,7.047721937900914
8.873380314698728,2.3296596870271076
-2.0797340667149244,-6.023810564159776
8.727038644702597,0.4628536173425338
-6.873917818497299,-6.341193064615768
-4.390250615714411,6.153815946116352
-0.11343600321361327,7.4817771324661555
4.435400598630886,-3.9872026655480632
-3.8304413163529114,-0.9822265862419768
-1.3570545886653296,-5.590681565628131
-6.488610626724658,5.227376649591623
-4.050041777037215,-5.746431969262024
8.636370061229524,5.187590499297745
-7.1995125011136984,6.941546652889095
-4.288924574446743,5.2780947651393495
-5.6801706658495705,-6.19598865044836
6.346960607239916,6.026349471986371
3.029814117921472,-5.214332643616419
-1.505130685621557,-6.992163743314606
-6.4943800879502716,-3.7705208981726384
0.07506285125893497,-6.541080844686767
2.419418465336028,-5.93418350751216
6.742213400547307,-6.08641846369822
8.30927085553166,5.3688624018153535
-7.628780015258956,0.4597404075615531
-5.252292233106618,1.4655015226790036
-4.996079969628919,-6.525973831247414
2.1260457503207553,0.8533079441220395
7.630079920478122,9.951109741695756
-1.369394796673314,-6.205153849431027
9.116133382273205,-2.975473225305828
-2.316714439419238,1.1432908378481792
-4.389464007231888,3.897982522739757
-5.433400930633981,-6.893453596583932
7.992893723769781,10.34042095350965
9.32683486601743,-2.9313850038332627
8.498257895001846,6.941955511668538
-0.3394661402318754,-6.852063474831551
-3.7990761343236095,-4.360822496173007
8.507869757087871,8.410024358209535
-1.6330434701033243,-6.9066108160410025
0.11277318706052633,-5.747327237713014
-5.270640950855169,7.834931851459698
8.604316429665925,3.6991420220291835
-1.448911051620811,-6.566922046289997
8.665209982288097,1.667077882649982
-4.304223373851876,7.319153690482216
-4.5613295521879165,1.0768833044162605
-6.316746034344171,4.360815411634964
8.911783681148172,2.710313162096059
1.5624482809396993,-2.0494403291434184
8.770776123221127,1.3008182491591989
2.707848203565922,-2.6518882993584536
-4.740398098424701,0.5145314380357175
-5.495776706641129,-0.8982420827141654
3.1883438914332864,0.5461873681673103
-4.587156923461517,6.369386828548869
-7.71384683302484,2.045534677704425
-4.982058067690953,3.2212239854662754
-0.740881446394666,-6.358314019361106
2.6043184793228082,-6.03768638346198
-4.162816477606234,-5.66053025226177
-0.4592186135493682,2.7495904270282265
-1.2137691294873652,-5.983407010650722
2.258100685643812,2.3553786399883627
0.09791813560864306,-0.4315754222265963
9.044688209533769,-5.283463458552536
5.999203784678841,4.033859279580018
0.3962195783054623,0.8737780623072551
-3.434516628938418,1.6432032373542276
1.30426698828983,-4.360506316942012
5.062134025523884,4.535533688507906
9.16243750322811,-5.468390383430046
-2.4653603973121982,6.9237484993463045
9.286490352511514,-5.283723159683244
-1.9949882068942661,-6.157631932473613
8.636986433945792,8.150041813783501
-6.900359543991088,-5.936799509045446
1.0535197411517097,5.393237305881395
-4.278711474223687,-6.669205866492816
6.9954831817362075,-5.141897384365119
9.188475904536407,3.8167492786904105
7.622457321047823,-5.648734747667669
9.101129683393895,-5.0268015309731595
-1.1602313747855753,3.1474716725801475
-1.3931394862815794,-3.921138833666807
1.9381248267261955,-5.665359969709769
-5.596528566527484,0.3779120531064164
-7.742147031872727,6.858693324673305
-6.021320388275056,8.97041867745928
-1.3910761962071272,-6.134422865790392
-1.540319805430133,-7.389978356251023
8.328073008653291,3.0093526286532817
-8.253669890446647,0.03098832967696525
-1.9941901433978322,-5.777313950171013
6.457140620692231,-1.829415334100744
-5.5924888004814095,-6.218744490916409
-5.070899917215057,-5.653651811485899
9.252878962874975,6.127487808163126
-4.4041049382887,-5.425311892958522
-7.16336521068106,1.1070201113130427
-4.774704950472681,4.441263224275421
-4.4337560871564845,3.8719366962880577
-3.9990055334781203,-5.558236246616781
1.764893988465152,-6.727905097100191
-7.55090693783493,-2.132523259904713
-5.536703184963397,-6.516217967680229
-3.855062242758014,1.1474658665352713
4.74799482966582,-5.095413460445943
-4.58449098007166,1.7918878046461861
-4.649270901964772,-7.2043391013756946
8.78538150207733,6.244422173562415
-6.541401866452354,-6.738098226019796
-5.00085548892001,1.0542358038657957
8.956951487407435,7.954844124761608
-2.9683730209764074,-6.139183669021855
2.7870294473599766,5.053486251634889
6.401457881838665,-2.1814615204752865
9.295439088756927,-5.071806518529146
-5.128038791420937,6.447837497531521
9.317551043843066,-4.959283444727745
-4.621831984910946,4.36539684620031
-7.000930329888404,-3.6914345570344818
8.708132355355861,-0.7542154582332404
1.0023248861235257,2.700704695488096
-4.482158020440246,0.8980490556798311
-3.6995142247311983,-6.224392111422172
2.8449961569404527,8.162241046324093
-4.512730091623704,7.430972429538685
-2.875547178096852,-6.479692382959332
-6.296048240663631,-5.716803553857649
8.887779480853514,-0.6835412455846775
-3.033772814514002,4.337914997966484
9.821327980629528,-0.11051416171061353
-3.9167837033010695,1.6819619403120392
8.881424847111179,-0.6999359178144302
8.95667653600764,-0.6197726002345002
2.695726470346012,-6.179078342216588
-3.191244633251218,-6.336971971187977
-5.125134507314014,4.91874653564969
-1.643242923056895,3.9282236693094497
-5.348935424977445,6.775704777226956
-4.732640183147778,0.7782099765005451
1.7752057856668275,6.385455989732863
-2.054046906371265,-2.94071195314371
8.728186929517964,1.9442634764579003
-3.03043681863085,-6.1137166483001355
-4.267049088539989,-0.5850883129774078
-5.131972894951893,4.464529946480087
8.933779651708063,8.181783994970584
6.523549107568665,0.564895143236014
-4.304160261509365,-5.704449891827282
9.202387496813946,-5.475945167744777
-1.730068065032877,-6.982150616686918
9.062431521480265,5.1040899718393815
7.456182301669833,6.65951673838413
4.830921383103111,6.718408955902642
5.991665985361433,3.9115449755445946
-0.5534038687124564,-3.858426308537692
-7.712503621029225,4.036976638500164
-4.887438038132543,-6.354344022630447
8.980374534118232,-5.429758379962996
5.110986087315316,3.6737323347477595
8.672998402620166,3.316829874487039
-3.852825960335407,4.780545047696573
2.550701922041037,5.461259075928765
-1.5601267738139961,0.799859952911983
-1.9052287610299528,-1.894110400698986
1.172323756033811,-6.785564078547274
-4.07167105961924,2.6616692569713147
9.059161868308513,1.3249050933515292
-3.4722712154156397,0.20192232375169455
9.038915186259842,1.0182112598643456
9.312736125710702,-5.249605141711462
9.073314080150668,7.590266296242739
-5.096872883537347,7.232386290854796
9.23991174252019,-4.89009764220371
9.159319926714106,-3.5264724908992253
-3.513529508398606,-5.898656942525423
8.521644304006742,1.3405098666149589
-8.16442491974768,3.779151530424955
6.056594489670234,4.59294182340179
8.62044634147866,3.8994603547517093
7.753101665585144,-6.273700739849641
9.406891868545667,5.562157395394568
-4.138924832816967,2.338705673735833
2.80846815859825,7.186215575903841
-4.2877308957840095,0.634144647854309
3.31756620974369,-0.2256429540370615
0.5489273946680324,4.6724307166717365
-5.568935459472114,3.1958240959672253
-0.7214585091029149,3.1674474522804337
7.740726089571212,7.969954515964682
-8.007960598381326,3.543120887346061
2.559070569791086,5.53041885112599
4.0258432583702275,-4.792162470532246
-2.3123443414198173,3.1471320715824502
-4.840996085551234,7.332719366022902
-4.557217058740841,-0.5675653853280173
-7.98184696780968,-3.909824236387743
-4.92379247398849,0.6410667613852284
-7.726648272746694,8.94020453586411
8.775562964382635,-5.105840973553046
3.4228179521687103,6.785671634921504
-0.5084225645280795,6.301499270863222
-4.844672480846548,4.073620482471974
9.082294917728776,6.483766058714106
1.7245250625614101,-1.2261550095542766
8.12719301072179,3.2205162870755863
-5.039805729045363,3.194413592673645
-0.4329295723339564,-0.9619897184704659
-4.2161427864001135,-6.9620529542920835
-4.140061931485044,-7.094171371011232
-8.442990132256975,0.06227392839475876
9.295263124766052,-5.361536175064698
9.003800529588984,1.2821332658663662
9.180126100382283,-5.200621180555874
-1.2240116784643837,-0.2590567520133168
-4.204991048638313,0.43881432005213333
-6.060857308226901,-4.943095103256863
-7.947444379661142,1.2291445988584793
7.003429663184781,-3.5725116958183816
-1.461210749111905,-7.060463978378493
-2.7981455276510605,6.694034660601519
-4.619154127858873,-5.881186881221535
-4.519766881256406,7.0003768193805165
8.123014049335941,5.101574339694906
-6.073740679924111,4.617179454398453
8.930276253405223,0.5664363213511946
-5.0032958076479455,-5.659015523300488
-0.22855252352362684,-0.8665342204378987
9.28972638730544,-5.3206403175829005
-0.6621976458993418,-5.555139802192402
-4.967199578089816,2.0693371250922583
-3.6388362466399515,-6.768565151288295
-4.502755977465586,0.9044155732591107
-5.911585442876679,1.464013132715716
4.333247245864381,-5.751178534261392
-7.36357865426717,1.038838806015918
-5.316695381383905,1.729307151509738
8.91967802033577,1.967241108516386
-6.007469419053167,0.35520647346452144
-5.278797403763756,-6.324728117289039
-5.828229468298382,2.323425315647358
-1.579953847012946,-7.40303270155121
-7.614866394778648,9.514515068290077
-2.154486009282279,3.9576408091521467
-6.112888101493647,4.104500201897414
-0.6704989427415642,-5.259419505862967
-1.6703419459236493,10.707879859248694
-2.9253646510657156,7.929812837399731
-6.899050000799754,1.0140791532186273
-3.5991074122061413,0.9231276591750397
-7.239022545916313,-0.13602421762503558
-7.458924133013933,6.612947678502381
8.155965999655857,2.825241575338916
-3.8940664938709926,-6.923091015280091